Frame,Coverage [%],Cell Density [bacteria/pixel^2],Cell Density [bacteria/micron^2]
0,15.896062981592465,0.00020448568982387474,0.04839897983997035
