Frame,Coverage [%],Cell Density [bacteria/pixel^2],Cell Density [bacteria/micron^2]
0,6.229838093199609,9.698737157534246e-05,0.022955590905406498
