significant_radius,frame,pixel_scale,a,b,c
2.0324337815807367,0,0.065,0.5202184393970641,1.1419679466144657,0.4015139867875374
