Frame,Coverage [%],Cell Density [bacteria/pixel^2],Cell Density [bacteria/micron^2]
0,63.47651472296967,0.000836814686276908,0.19806264763950482
