Frame,Coverage [%],Cell Density [bacteria/pixel^2],Cell Density [bacteria/micron^2]
0,34.37676775012231,0.0005155141572896282,0.12201518515730843
