frames,largest_significant_radius,pixel_scale,a_model,b_model,c_model
"0, 29, 58",1.987619999044155,0.065,0.5022945714550171,0.6976868002281373,0.33104258342854126
