Frame,Coverage [%],Cell Density [bacteria/pixel^2],Cell Density [bacteria/micron^2]
0,15.02150444135274,0.0002154744068003914,0.050999859597725766
