significant_radius,frame,pixel_scale,a,b,c
4.34595378384927,0,0.065,0.5990655612963689,1.0094380200057396,0.37257430207853554
