Frame,Coverage [%],Cell Density [bacteria/pixel^2],Cell Density [bacteria/micron^2]
0,65.3321029155455,0.0008265426247553816,0.1956313904746465
