Frame,Coverage [%],Cell Density [bacteria/pixel^2],Cell Density [bacteria/micron^2]
0,52.74522038588552,0.000629223489481409,0.14892863656364708
