Frame,Coverage [%],Cell Density [bacteria/pixel^2],Cell Density [bacteria/micron^2]
0,27.63253825984589,0.00038723283084637965,0.0916527410287289
