Frame,Coverage [%],Cell Density [bacteria/pixel^2],Cell Density [bacteria/micron^2]
0,32.12460631727006,0.0004930589530332681,0.11670034391319953
