significant_radius,frame,pixel_scale,a,b,c
9.292954320343991,0,0.065,0.8260051116206438,0.4807471832398854,0.23503926000936062
