Frame,Coverage [%],Cell Density [bacteria/pixel^2],Cell Density [bacteria/micron^2]
0,72.52261764615949,0.001939030776051859,0.45894219551523285
