Frame,Coverage [%],Cell Density [bacteria/pixel^2],Cell Density [bacteria/micron^2]
0,71.71315530974805,0.0009397741866438356,0.2224317601523871
