significant_radius,frame,pixel_scale,a,b,c
6.3550570407855025,0,0.065,0.5816117034583078,0.8848567062095983,0.406118226927738
