Frame,Coverage [%],Cell Density [bacteria/pixel^2],Cell Density [bacteria/micron^2]
0,16.341058242111057,0.0002202521098336595,0.05213067688370638
