frames,largest_significant_radius,pixel_scale,a_model,b_model,c_model
"0, 29, 58",10.628289114699482,0.065,1.211041170902898,0.2270674727721469,-0.19358252526465888
