Frame,Coverage [%],Cell Density [bacteria/pixel^2],Cell Density [bacteria/micron^2]
0,71.65560787671232,0.0014732047303082192,0.34868751013212285
