Frame,Coverage [%],Cell Density [bacteria/pixel^2],Cell Density [bacteria/micron^2]
0,39.483200640594426,0.0005468081121575342,0.12942203838048147
