significant_radius,frame,pixel_scale,a,b,c
4.34595378384927,0,0.065,1.1283172884357158,0.1059697653324573,-0.15868995126386962
