Frame,Coverage [%],Cell Density [bacteria/pixel^2],Cell Density [bacteria/micron^2]
0,14.867017413772016,0.00022765754953522506,0.05388344367697633
