Frame,Coverage [%],Cell Density [bacteria/pixel^2],Cell Density [bacteria/micron^2]
0,11.082383844483855,0.00020161906800391388,0.04772048946838198
