Frame,Coverage [%],Cell Density [bacteria/pixel^2],Cell Density [bacteria/micron^2]
0,10.595727013515166,0.000150975415851272,0.035733826236987454
