frame,significant_radius,pixel_scale
0,1.987619999044155,0.065
29,1.987619999044155,0.065
58,1.987619999044155,0.065
