Frame,Coverage [%],Cell Density [bacteria/pixel^2],Cell Density [bacteria/micron^2]
0,70.2098032732999,0.0013408623562866928,0.3173638713104598
