Frame,Coverage [%],Cell Density [bacteria/pixel^2],Cell Density [bacteria/micron^2]
0,38.61306147566047,0.0004880423648483366,0.11551298576291989
