Frame,Coverage [%],Cell Density [bacteria/pixel^2],Cell Density [bacteria/micron^2]
0,14.966298082803329,0.0002161910622553816,0.05116948219062286
