Frame,Coverage [%],Cell Density [bacteria/pixel^2],Cell Density [bacteria/micron^2]
0,73.23074490123533,0.0016898735628669275,0.39997007405134377
