significant_radius,frame,pixel_scale,a,b,c
6.3550570407855025,0,0.065,0.6803090824835925,0.4934283802776852,0.3324016194832901
