significant_radius,frame,pixel_scale,a,b,c
4.34595378384927,0,0.065,0.5311322911113471,0.7862680764300615,0.40264299785616503
