Frame,Coverage [%],Cell Density [bacteria/pixel^2],Cell Density [bacteria/micron^2]
0,34.972571206886,0.00044528192270058706,0.10539217105339338
