Frame,Coverage [%],Cell Density [bacteria/pixel^2],Cell Density [bacteria/micron^2]
0,30.69098485659247,0.00042903773238747554,0.10154739228105929
