Frame,Coverage [%],Cell Density [bacteria/pixel^2],Cell Density [bacteria/micron^2]
0,72.70366870260519,0.0017541336686643836,0.41517956654778304
