Frame,Coverage [%],Cell Density [bacteria/pixel^2],Cell Density [bacteria/micron^2]
0,75.55184858885762,0.0012589247492661448,0.29797035485589224
