Frame,Coverage [%],Cell Density [bacteria/pixel^2],Cell Density [bacteria/micron^2]
0,14.62285290025685,0.00020281349376223093,0.048003193789877135
