Frame,Coverage [%],Cell Density [bacteria/pixel^2],Cell Density [bacteria/micron^2]
0,65.05236840294765,0.0010071397994129158,0.23837628388471377
