Frame,Coverage [%],Cell Density [bacteria/pixel^2],Cell Density [bacteria/micron^2]
0,9.609370222296967,0.0001407033543297456,0.03330256907212913
