Frame,Coverage [%],Cell Density [bacteria/pixel^2],Cell Density [bacteria/micron^2]
0,69.16886122492662,0.0012964297180772994,0.30684727055084005
