Frame,Coverage [%],Cell Density [bacteria/pixel^2],Cell Density [bacteria/micron^2]
0,70.98018399889922,0.0013360846532534246,0.31623305402447915
