Frame,Coverage [%],Cell Density [bacteria/pixel^2],Cell Density [bacteria/micron^2]
0,32.71197712818004,0.0004980755412181997,0.11788770206347918
