Frame,Coverage [%],Cell Density [bacteria/pixel^2],Cell Density [bacteria/micron^2]
0,30.569248983304792,0.0004588983763454012,0.10861500031843813
