frames,largest_significant_radius,pixel_scale,a_model,b_model,c_model
"0, 29, 58",6.07789732400044,0.065,0.8664396907544738,0.27404989709900585,0.12437513227047085
