frame,significant_radius,pixel_scale
0,4.596194077712559,0.065
29,4.596194077712559,0.065
58,6.07789732400044,0.065
