Frame,Coverage [%],Cell Density [bacteria/pixel^2],Cell Density [bacteria/micron^2]
0,32.80949004708904,0.0004431319563356164,0.1048833032747021
