frames,largest_significant_radius,pixel_scale,a_model,b_model,c_model
"0, 29, 58",4.596194077712559,0.065,0.60701479686415,0.7138330011122042,0.3567624032994245
