Frame,Coverage [%],Cell Density [bacteria/pixel^2],Cell Density [bacteria/micron^2]
0,5.997546171722114,9.244855369373777e-05,0.021881314483724913
