Frame,Coverage [%],Cell Density [bacteria/pixel^2],Cell Density [bacteria/micron^2]
0,28.492907022076807,0.0004338154354207436,0.1026782095670399
