Frame,Coverage [%],Cell Density [bacteria/pixel^2],Cell Density [bacteria/micron^2]
0,33.08934400226272,0.0005534968964041096,0.13100518258085433
