Frame,Coverage [%],Cell Density [bacteria/pixel^2],Cell Density [bacteria/micron^2]
0,28.70068932699364,0.0004653482754403131,0.11014160365451196
