Frame,Coverage [%],Cell Density [bacteria/pixel^2],Cell Density [bacteria/micron^2]
0,14.705124946489725,0.00020878562255381605,0.0494167153973529
