Frame,Coverage [%],Cell Density [bacteria/pixel^2],Cell Density [bacteria/micron^2]
0,30.988946306262232,0.00038747171599804304,0.09170928189302793
