Frame,Coverage [%],Cell Density [bacteria/pixel^2],Cell Density [bacteria/micron^2]
0,71.78959855828033,0.0013762173587328766,0.32573191922671635
