Frame,Coverage [%],Cell Density [bacteria/pixel^2],Cell Density [bacteria/micron^2]
0,20.53182045774217,0.0003344392123287671,0.07915721001864309
