Frame,Coverage [%],Cell Density [bacteria/pixel^2],Cell Density [bacteria/micron^2]
0,72.27611205815802,0.001145215417074364,0.2710569034495536
