frame,significant_radius,pixel_scale
0,6.07789732400044,0.065
29,6.07789732400044,0.065
58,8.037266324375164,0.065
