Frame,Coverage [%],Cell Density [bacteria/pixel^2],Cell Density [bacteria/micron^2]
0,9.928831335616438,0.00015240872676125245,0.03607307142278164
