frames,largest_significant_radius,pixel_scale,a_model,b_model,c_model
"0, 29, 58",6.07789732400044,0.065,0.5509236899804586,0.9305244648452186,0.3699325784780269
