Frame,Coverage [%],Cell Density [bacteria/pixel^2],Cell Density [bacteria/micron^2]
0,30.851037908206948,0.0006297012597847358,0.14904171829224513
