Frame,Coverage [%],Cell Density [bacteria/pixel^2],Cell Density [bacteria/micron^2]
0,31.099191803754895,0.00041876567086594914,0.09911613511620096
