Frame,Coverage [%],Cell Density [bacteria/pixel^2],Cell Density [bacteria/micron^2]
0,68.99746112860812,0.0014677103718199608,0.3473870702532451
