Frame,Coverage [%],Cell Density [bacteria/pixel^2],Cell Density [bacteria/micron^2]
0,10.064518101761252,0.0001540809228228963,0.03646885747287486
