Frame,Coverage [%],Cell Density [bacteria/pixel^2],Cell Density [bacteria/micron^2]
0,69.60599716395548,0.0013750229329745596,0.32544921490522116
