Frame,Coverage [%],Cell Density [bacteria/pixel^2],Cell Density [bacteria/micron^2]
0,66.50612788191047,0.0015173984833659491,0.3591475700274435
