Frame,Coverage [%],Cell Density [bacteria/pixel^2],Cell Density [bacteria/micron^2]
0,12.59791902366683,0.00021977433953033267,0.05201759515510832
