Frame,Coverage [%],Cell Density [bacteria/pixel^2],Cell Density [bacteria/micron^2]
0,67.982103679978,0.0008888916493395303,0.21038855605669354
