Frame,Coverage [%],Cell Density [bacteria/pixel^2],Cell Density [bacteria/micron^2]
0,15.1416875611546,0.0001923025470890411,0.04551539576071978
