Frame,Coverage [%],Cell Density [bacteria/pixel^2],Cell Density [bacteria/micron^2]
0,12.933743769875244,0.00017414727556262232,0.04121829007399344
