Frame,Coverage [%],Cell Density [bacteria/pixel^2],Cell Density [bacteria/micron^2]
0,33.97204852617417,0.0004137490826810176,0.09792877696592131
