Frame,Coverage [%],Cell Density [bacteria/pixel^2],Cell Density [bacteria/micron^2]
0,15.009966288527396,0.00023291302287181995,0.05512734269155501
