Frame,Coverage [%],Cell Density [bacteria/pixel^2],Cell Density [bacteria/micron^2]
0,44.02696344483855,0.0006387788955479452,0.15119027113560832
