Frame,Coverage [%],Cell Density [bacteria/pixel^2],Cell Density [bacteria/micron^2]
0,30.70629739481409,0.0004522095920988258,0.10703185611806527
