Frame,Coverage [%],Cell Density [bacteria/pixel^2],Cell Density [bacteria/micron^2]
0,9.750431904354208,0.0001493032197896282,0.03533804018689424
