Frame,Coverage [%],Cell Density [bacteria/pixel^2],Cell Density [bacteria/micron^2]
0,68.87063700159001,0.0012658524186643836,0.2996100399205641
