Frame,Coverage [%],Cell Density [bacteria/pixel^2],Cell Density [bacteria/micron^2]
0,15.553645005198142,0.0002247909277152642,0.053204953305387964
