frames,largest_significant_radius,pixel_scale,a_model,b_model,c_model
"0, 29, 58",8.037266324375164,0.065,0.6338501651655903,1.0530849033118053,0.40200973574546217
