a,b,c,significant_radius,frame,pixel_scale
0.5816117034583078,0.8848567062095983,0.406118226927738,97.77010831977695,0,0.065
