Frame,Coverage [%],Cell Density [bacteria/pixel^2],Cell Density [bacteria/micron^2]
0,40.81875974651419,0.0005097809136497065,0.12065820441413169
