frame,significant_radius,pixel_scale
0,10.628289114699482,0.065
29,8.037266324375164,0.065
58,8.037266324375164,0.065
