Frame,Coverage [%],Cell Density [bacteria/pixel^2],Cell Density [bacteria/micron^2]
0,11.538773926736791,0.00011992034613502935,0.028383513878113453
