Frame,Coverage [%],Cell Density [bacteria/pixel^2],Cell Density [bacteria/micron^2]
0,34.12331060420743,0.0004964033451565558,0.11749191601338596
