Frame,Coverage [%],Cell Density [bacteria/pixel^2],Cell Density [bacteria/micron^2]
0,70.38894324853229,0.0010551557148972602,0.24974099760881896
