Frame,Coverage [%],Cell Density [bacteria/pixel^2],Cell Density [bacteria/micron^2]
0,33.43384027947652,0.000546091456702544,0.12925241578758437
