Frame,Coverage [%],Cell Density [bacteria/pixel^2],Cell Density [bacteria/micron^2]
0,15.16896824547456,0.00022789643468688845,0.05393998454127537
