Frame,Coverage [%],Cell Density [bacteria/pixel^2],Cell Density [bacteria/micron^2]
0,73.18091345859834,0.0016215524094911938,0.38379938686182097
