Frame,Coverage [%],Cell Density [bacteria/pixel^2],Cell Density [bacteria/micron^2]
0,9.615342351088552,0.00013783673250978475,0.03262407870054076
