Frame,Coverage [%],Cell Density [bacteria/pixel^2],Cell Density [bacteria/micron^2]
0,34.470673503241194,0.0004904312163649707,0.1160783944059102
