Frame,Coverage [%],Cell Density [bacteria/pixel^2],Cell Density [bacteria/micron^2]
0,18.46324226394325,0.0003081618456457926,0.07293771494574972
