Frame,Coverage [%],Cell Density [bacteria/pixel^2],Cell Density [bacteria/micron^2]
0,10.135634211411448,0.00016172524767612526,0.03827816513044384
