Frame,Coverage [%],Cell Density [bacteria/pixel^2],Cell Density [bacteria/micron^2]
0,36.33538710861057,0.00046391496453033267,0.10980235846871778
