Frame,Coverage [%],Cell Density [bacteria/pixel^2],Cell Density [bacteria/micron^2]
0,33.16915553143346,0.000442893071183953,0.10482676241040308
