Frame,Coverage [%],Cell Density [bacteria/pixel^2],Cell Density [bacteria/micron^2]
0,32.998973749388455,0.0005284139554794521,0.1250683918294561
